0,cluster
s1pr3_human_7C4S,1
5U09_1589,1
5U09_1277,1
5U09_1,1
5U09_0,1
5U09,1
4Z35_1459,1
4Z35_1549,1
5U09_1710,1
3V2Y,1
3V2Y_1280,1
3V2Y_1320,1
3V2Y_1384,1
3V2Y_140,1
3V2Y_1406,1
3V2Y_1442,1
3V2Y_1491,1
3V2Y_1254,1
5U09_1863,1
5U09_1974,1
5U09_1978,1
3PQR_397,1
3PQR_42,1
3PQR_490,1
3PQR_556,1
3PQR_57,1
3PQR_609,1
3PQR_622,1
3PQR_662,1
3PQR_75,1
5U09_228,1
5U09_2267,1
5U09_2242,1
5U09_2225,1
5U09_2207,1
5U09_2156,1
5U09_2092,1
5U09_2068,1
3V2Y_15,1
3PQR_311,1
3V2Y_1505,1
3V2Y_1575,1
4Z35_233,1
4Z35_2343,1
4Z35_2355,1
4Z35_2473,1
4Z35_53,1
4Z35_623,1
4Z35_695,1
4Z35_2255,1
4Z35_733,1
4Z35_748,1
4Z35_8,1
4Z35_905,1
4Z35_913,1
4Z35_95,1
4Z35_973,1
4Z35_988,1
4Z35_747,1
4Z35_2201,1
4Z35_2014,1
4Z35_1927,1
3V2Y_1578,1
3V2Y_1795,1
3V2Y_1972,1
3V2Y_2035,1
3V2Y_2119,1
3V2Y_2130,1
3V2Y_2222,1
3V2Y_2284,1
3V2Y_2363,1
3V2Y_2390,1
3V2Y_241,1
3V2Y_630,1
3V2Y_651,1
3V2Y_689,1
3V2Y_822,1
3V2Y_899,1
3V2Y_985,1
3V2Y_1523,1
3PQR_3,1
3V2Y_1177,1
3PQR_2461,1
4Z35_118,1
4Z35_1029,1
5U09_82,1
5U09_830,1
5ZTY,1
5U09_2405,1
5U09_71,1
5U09_643,1
5U09_6,1
5U09_598,1
5YWY,1
5U09_973,1
5U09_555,1
5U09_52,1
5U09_264,1
5U09_995,1
5U09_2487,1
5U09_2483,1
4Z35_1455,1
4Z35_1344,1
4Z35_1034,1
4Z35_129,1
4Z35_1184,1
4Z35,1
6IIU,1
4Z35_1068,1
6ME2,1
3PQR_1480,1
3PQR_1577,1
3PQR_1599,1
3PQR_16,1
3PQR_1612,1
3PQR_1988,1
3PQR_1432,1
3PQR_1992,1
3PQR_2127,1
3PQR_2185,1
3PQR_2230,1
3PQR_2273,1
3PQR_2362,1
3PQR_2455,1
3PQR_2108,1
3PQR_2494,1
3PQR_133,1
3PQR,1
6ME6,1
pe2r2_human_7CX2,1
3PQR_1045,1
4PHU_468,2
3VW7_797,2
3VW7_777,2
3VW7_8,2
3VW7_87,2
3VW7_9,2
3VW7_97,2
3VW7_674,2
3VW7_67,2
3VW7_595,2
4PHU_486,2
3VW7_968,2
3VW7_798,2
4PHU_159,2
4PHU_41,2
4MBS_1184,2
cxcr2_human_6LFL,2
6RZ4,2
3ODU_129,2
3ODU_1470,2
6D27,2
6BQH,2
5ht1f_human_7EXD,2
4PHU,2
4PHU_1043,2
4PHU_1058,2
4PHU_1116,2
4PHU_1161,2
4PHU_122,2
4PHU_135,2
5ZKP,2
4PHU_1468,2
4PHU_1483,2
3VW7_58,2
4PHU_1601,2
4PHU_1703,2
4PHU_2219,2
4PHU_2244,2
4PHU_2397,2
4PHU_251,2
4PHU_428,2
3VW7_553,2
3VW7_297,2
3VW7_45_1,2
4PXZ_398,2
4PHU_681,2
4PHU_70,2
3PBL_398,2
4PXZ,2
4PXZ_1046,2
4PXZ_1203,2
4PXZ_1224,2
3VW7_536,2
4PXZ_1279,2
4PXZ_139,2
4PXZ_1607,2
4PXZ_1640,2
4PXZ_1656,2
4PXZ_29,2
4PXZ_2448,2
4PXZ_2337,2
4PXZ_2187,2
4PXZ_2038,2
4PXZ_202,2
4PXZ_1903,2
4PXZ_1698,2
4PXZ_1669,2
4PXZ_52,2
4PXZ_681,2
4PXZ_1270,2
4PXZ_76,2
4PXZ_700,2
3VW7_359,2
3VW7_342,2
3VW7_330,2
3VW7_287,2
3VW7_2390,2
3VW7_2018,2
3VW7_180,2
3VW7_1780,2
3VW7_1596,2
3VW7_1273,2
3VW7_1072,2
3VW7_45,2
3VW7_1,2
3VW7_101,2
4PXZ_83,2
4PXZ_85,2
4PXZ_859,2
4PXZ_865,2
4PXZ_803,2
4PXZ_933,2
3PBL_119_1,2
3ODU_658,2
3VW7,2
4PXZ_923,2
4IB4_1399,3
4IB4_2080,3
4IB4_1627,3
4IB4_1631,3
4IB4_1689,3
4IB4_1765,3
4IB4_183,3
4IB4_1875,3
4IB4_1887,3
4IB4_1986,3
4IB4_2221,3
4IB4_391,3
4IB4_2287,3
4IB4_2445,3
4IB4_2464,3
4IB4_323,3
4IB4_460,3
4IB4_645,3
4IB4_669,3
4IB4_846,3
4IB4_851,3
4IB4_931,3
4IB4_1360,3
4IB4_2238,3
4IB4_1136,3
5JQH_18,3
4IB4_1087,3
4BVN_1679,3
4BVN_1511,3
4BVN_129,3
4BVN_1286,3
4BVN_1192,3
4BVN_1184,3
4BVN_1122,3
4BVN_1902,3
4BVN_1104,3
4BVN_1012,3
4BVN_1011,3
4BVN,3
5JQH_2115,3
5JQH_2131,3
5JQH_2209,3
5JQH_268,3
4BVN_1030,3
5JQH_293,3
4BVN_1911,3
4BVN_1977,3
5JQH_1941,3
4BVN_95,3
4BVN_85,3
4BVN_676,3
4BVN_57,3
4BVN_442,3
4BVN_404,3
4BVN_1959,3
4BVN_398,3
4IB4_1100,3
4BVN_2292,3
4BVN_2237,3
4BVN_2235,3
4BVN_215,3
4BVN_2102,3
4BVN_1998,3
4BVN_311,3
5JQH_1799,3
5JQH_313,3
5JQH_423,3
3PBL_1947,3
3PBL_1921,3
3PBL_1851,3
3PBL_1774,3
3PBL_1773,3
3PBL_1570,3
3PBL_1554,3
3PBL_215,3
3PBL_1500,3
3PBL_119,3
3PBL_1063,3
3PBL_1008,3
3PBL_10,3
3PBL,3
6A94,3
6CM4,3
3PBL_12,3
5JQH_336,3
3PBL_2298,3
3PBL_2415,3
5JQH_455,3
5JQH_666,3
5JQH_697,3
5JQH_963,3
5JQH_968,3
5TUD,3
3PBL_918,3
3PBL_2354,3
3PBL_914,3
3PBL_796,3
3PBL_754,3
3PBL_691,3
3PBL_498,3
3PBL_417,3
3PBL_405,3
3PBL_28,3
3PBL_866,3
5JQH_1676,3
4BVN_249,3
5JQH_1669,3
5JQH_1673,3
5JQH_1431,3
5JQH_1270,3
5JQH_1187,3
5JQH_1084,3
5JQH_107,3
5JQH_104,3
5JQH,3
4IB4_1034,3
4IB4_1056,3
5JQH_1371,3
5JQH_1376,3
5JQH_1579,3
5JQH_1571,3
5JQH_1484,3
4U15_1881,4
5DSG_460,4
5DSG_2170,4
5DSG_64,4
5DSG_65,4
5DSG_658,4
5DSG_673,4
5DSG_808,4
5DSG_91,4
5DSG_437,4
4U15_1530,4
4U15_14,4
4U15_139,4
4U15_1254,4
4U15_1213,4
5DSG_886,4
4U15_1840,4
5DSG_393,4
5DSG_2309,4
6OL9,4
4U15_2071,4
4U15_209,4
4U15_236,4
4U15_2480,4
4U15_271,4
4U15_398,4
4U15_42,4
4U15_575,4
4U15_747,4
4U15_821,4
4U15_86,4
4U15_1822,4
4U15_985,4
4U15_1735,4
4U15_1541,4
5DSG_2219,4
5DSG_233,4
4U15_973,4
5DSG_19,4
5DSG_204,4
5CXV_23,4
5CXV_2280,4
5CXV_2191,4
5CXV_1982_1,4
5CXV_1982,4
5CXV_1929,4
5CXV_1872_1,4
5CXV_1872,4
5CXV_1695,4
5CXV_1536,4
5CXV_1483,4
5CXV_145,4
5CXV_1415_1,4
5CXV_1415,4
5CXV_1411,4
5CXV_1389,4
5CXV_1235,4
5CXV_1188,4
5CXV_1042,4
5CXV,4
4U15_121,4
5CXV_2387,4
5DSG_2051,4
5CXV_247,4
5CXV_381,4
5DSG_1889,4
5DSG_182,4
5DSG_1798,4
5DSG_1657,4
5DSG_1624,4
5DSG_1592,4
5DSG_1548,4
5DSG_1430,4
5DSG_1125,4
5DSG_108,4
5DSG_1046,4
5DSG_1037,4
5DSG_1026,4
5DSG,4
5CXV_800,4
5CXV_66,4
5CXV_64,4
5CXV_616,4
5CXV_525_1,4
5CXV_525,4
5CXV_447,4
5CXV_25,4
4U15_12,4
4U15_2009,4
4U15_111,4
3U0N_1183,4
3U0N_1331,4
3U0N_1408,4
3U0N_155,4
3U0N_1606,4
3U0N_1778,4
3U0N_180,4
3U0N_1820,4
3U0N_1991,4
3U0N_2070,4
3U0N_2096,4
3U0N_2112,4
3U0N_2132,4
3U0N_1113,4
3U0N_2273,4
3U0N_2457,4
3U0N_2486,4
3U0N_301,4
3U0N_337,4
3U0N_367,4
3U0N_44,4
3U0N_483,4
3U0N_531,4
3U0N_751,4
3U0N_810,4
3U0N_902,4
3U0N_987,4
3UON,4
3U0N_2455,4
3U0N_1061,4
3U0N_2183,4
4U15_1070,4
4U15_1014,4
4U15,4
4U15_1146,4
4PHU_1619,5
4PHU_1415,5
5IU7_198,5
5IU7_1815,5
5IU7_1713,5
4PHU_2490,5
5IU7_17,5
4PHU_578,5
3PBL_323,5
5IU7_1644,5
5IU7_1617,5
5IU7_152,5
5IU7_764,5
5IU7_138,5
4PHU_981,5
5IU7_211,5
5IU7_219,5
5IU7_1353,5
5IU7_751,5
5IU7_68,5
5IU7_589,5
5IU7_513,5
5IU7_458,5
5IU7_303,5
4PHU_1297,5
5IU7_26,5
5IU7_2455,5
6W25,5
5IU7_2437,5
5IU7_2429,5
5IU7_2313_1,5
5IU7_2313,5
4IB4_1914,5
5IU7_1342,5
5IU7_1415,5
5IU7_1042,5
5UEN_2273,5
5UEN_2348,5
5UEN_2367,5
5UEN_2384,5
5UEN_2402,5
5UEN_2416,5
5UEN_246,5
5IU7_1217,5
5UEN_2471,5
5UEN_3,5
5UEN_398,5
5UEN_779,5
5UEN_861,5
5UEN_887,5
4PHU_553,5
4PHU_454,5
5UEN_254,5
5UEN_2251,5
5IU7_959,5
5UEN_1486,5
5UEN_1221,5
5UEN_1,5
5UEN_1330,5
5UEN_1387,5
5UEN_2122,5
5UEN_1592,5
5UEN,5
5UEN_1211,5
5UEN_1625,5
5UEN_2010,5
5UEN_2041,5
4PHU_566,5
5IU7,5
5IU7_1026,5
5UEN_2087,5
5UEN_2106,5
5UEN_1707,5
5UEN_1022,5
5GLH_300,6
5GLH_673,6
5GLH_639,6
5GLH_491,6
4DJH_1987,6
4N6H_780,6
5GLH_428,6
4N6H_1761,6
4ZJ8_1086,6
4ZJ8_1511,6
4ZJ8_219,6
4ZJ8_220,6
4ZJ8_2228,6
4ZJ8_2271,6
4ZJ8_2368,6
4ZJ8_2405,6
4ZJ8_2436,6
4ZJ8_386,6
4ZJ8_403,6
5GLH_97,6
5GLH_957,6
5GLH_834,6
4N6H_70,6
4ZJ8_298,6
5GLH_733,6
5GLH_2378,6
4N6H_2294,6
5GLH_1749,6
5GLH_1209,6
5GLH_1262,6
5GLH_782,6
5GLH_1383,6
4N6H_396,6
4DJH_877,6
5GLH_2433,6
5GLH_1435,6
5GLH_1467,6
5GLH_1604,6
5GLH_1623,6
4N6H_1487,6
4N6H_1132,6
4N6H_1236,6
5GLH_1422,6
4N6H_1266,6
4XT1_2299,6
4XT1_2341,6
5GLH_2135,6
5GLH_204,6
5GLH_1984,6
4DJH_1236,6
5GLH_1930,6
4DJH_1197,6
5GLH_1835,6
4N6H_2271,6
5GLH_1831,6
5GLH_1768,6
4XEE_1598,6
4N6H_2051,6
5GLH_1007,6
5GLH_1106,6
4XT1_2378,6
4N6H_2247,6
4DJH_101,6
5GLH,6
4DJH_598,7
4DJH_319,7
4MBS_1213,7
4MBS_120,7
4MBS_1077,7
4MBS_1038,7
4MBS,7
4DJH_869,7
4DJH_2177,7
4DJH_767,7
4DJH_655,7
4DJH_619,7
4DJH_588,7
4DJH_526,7
4DJH_471,7
4DJH_402,7
4DJH_675,7
4MBS_122,7
4DJH_1521,7
4DJH_2156,7
5ZBH,7
3ODU_2478,7
3ODU_2084,7
3ODU_2060,7
3ODU_203,7
3ODU_1929,7
6C1R,7
3ODU_1875,7
3ODU_1689,7
6GPX,7
6HLP,7
3ODU_1593,7
3ODU_1466,7
3ODU_1397,7
3ODU_1331,7
6QZH,7
3ODU_1077,7
6WWZ,7
cckar_human_7MBX,7
3ODU_10,7
fpr2_human_6LW5,7
ghsr_human_6KO5,7
lt4r1_human_7K15,7
npy2r_human_7DDZ,7
oxyr_human_6TPK,7
3ODU_25,7
5WS3,7
5VBL,7
5UNH,7
4DJH_2039,7
4DJH_1986,7
4DJH_1903,7
4DJH_1675,7
4MBS_1289,7
4DJH_1507,7
4DJH_134,7
4DJH_1305,7
4DJH_1221,7
4DJH_1071,7
4DJH_1010,7
4DJH,7
4DJH_2175,7
5NDD,7
3ODU_787,7
3ODU_751,7
3ODU_698,7
3ODU_685,7
3ODU_639,7
3ODU_543,7
3ODU_503,7
3ODU_482,7
3ODU_452,7
3ODU_34,7
3ODU_318,7
3ODU_263,7
3ODU_82,7
4MBS_1513,7
4MBS_805,7
4MBS_1584,7
4XNV_2461,7
4XNV_2457,7
4XNV_2450,7
4XNV_2341,7
4XNV_2303,7
4XNV_2278,7
4XNV_2220,7
4XNV_2175,7
4XNV_213,7
4XNV_2009,7
4XNV_248,7
4XNV_1955,7
4XNV_1932,7
4XNV_1744,7
4XNV_1738,7
4XNV_1726,7
4XNV_1709,7
4XNV_1457,7
4XNV_1303,7
4XNV_1262,7
4XNV_1248,7
4XNV_1184,7
4XNV_1946,7
4XNV_108,7
4XNV_2484,7
4XNV_493,7
4XT1_2383,7
4XT1_2348,7
4XT1_2338,7
4XT1_2313,7
4XT1_2246,7
4XT1_2140,7
4XT1_2073,7
4XT1_2013,7
4XT1_1981,7
4XT1_1914,7
4XNV_2499,7
4XT1_1846,7
4XT1_15,7
4XT1_1486,7
4XT1_1359,7
4XT1_1326,7
4XT1_1248,7
4XT1_1024,7
4XT1,7
4XNV_937,7
4XNV_840,7
4XNV_507,7
4XT1_1778,7
4XNV,7
4XEE_914,7
4XEE_90,7
4XEE,7
4S0V_1934,7
4S0V_1970,7
4S0V_2020,7
4S0V_2043,7
4S0V_2056,7
4S0V_2169,7
4S0V_2389,7
4S0V_2398,7
4S0V_3,7
4XEE_1083,7
4S0V_336,7
4S0V_378,7
4S0V_393,7
4S0V_421,7
4S0V_437,7
4S0V_462,7
4S0V_489,7
4S0V_575,7
4S0V_596,7
4S0V_719,7
4S0V_845,7
4S0V_34,7
4XEE_1129,7
4XEE_1268,7
4XEE_1335,7
4XEE_890,7
4XEE_75,7
4XEE_724,7
4XEE_598,7
4XEE_478,7
4XEE_421,7
4XEE_412,7
4XEE_327,7
4XEE_319,7
4XEE_285,7
4XEE_28,7
4XEE_2486,7
4XEE_243,7
4XEE_2371,7
4XEE_237,7
4XEE_2302,7
4XEE_2188,7
4XEE_2187,7
4XEE_2113,7
4XEE_208,7
4XEE_1957,7
4XEE_1823,7
4XEE_1452,7
4XT1_2391,7
4XT1_363,7
4XT1_491,7
4XT1_498,7
5C1M_913,7
5C1M_6,7
5C1M_599,7
5C1M_5,7
5C1M_492,7
5C1M_462,7
5C1M_439,7
5C1M_427,7
5C1M_42,7
5C1M_397,7
4N6H_441,7
5C1M_300,7
5C1M_2352,7
5C1M_2298,7
5C1M_2282,7
5C1M_2223,7
5C1M_208,7
5C1M_2057,7
5C1M_174,7
5C1M_16,7
5C1M_1441,7
5C1M_137,7
5C1M_2478,7
4N6H_354,7
4N6H_329,7
4N6H_2356,7
4MBS_168,7
4MBS_1712,7
4MBS_1809,7
4MBS_1877,7
4MBS_1996,7
4MBS_2001,7
4MBS_2070,7
4MBS_2233,7
4MBS_2234,7
4MBS_2294,7
4MBS_24,7
4MBS_37,7
4MBS_599,7
4MBS_6,7
4MBS_643,7
4MBS_708,7
4MBS_79,7
4MBS_792,7
4MBS_981,7
4N6H,7
4N6H_14,7
4N6H_2069,7
4N6H_2087,7
5C1M_1344,7
4MBS_1539,7
5C1M_1299,7
5C1M_1154,7
4N6H_546,7
4N6H_66,7
4N6H_792,7
4N6H_846,7
4N6H_86,7
4N6H_893,7
4N6H_993,7
4N6H_998,7
4S0V_1024,7
4S0V_1060,7
4N6H_504,7
4S0V_13,7
4S0V_1411,7
4S0V_1627,7
4S0V_1763,7
4S0V_178,7
4S0V_18,7
4XT1_847,7
4XT1_845,7
4XT1_785,7
4XT1_770,7
4XT1_684,7
4S0V_134,7
4N6H_48,7
4N6H_46,7
4ZJ8,7
5C1M_1150,7
5C1M_1141,7
5C1M_1126,7
5C1M_101,7
5C1M,7
4ZJ8_971,7
4ZJ8_91,7
4ZJ8_717,7
4ZJ8_480,7
4ZJ8_328,7
4ZJ8_288,7
4ZJ8_27,7
4ZJ8_2454,7
4ZJ8_2412,7
4ZJ8_240,7
4ZJ8_23,7
4ZJ8_2052,7
4ZJ8_167,7
4ZJ8_1665,7
4ZJ8_14,7
4ZJ8_1305,7
4ZJ8_1234,7
4ZJ8_1054,7
5C1M_1238,7
3ODU,7
